<?xml version="1.0" encoding="UTF-8"?>
<project-private xmlns="http://www.netbeans.org/ns/project-private/1">
    <editor-bookmarks xmlns="http://www.netbeans.org/ns/editor-bookmarks/2" lastBookmarkId="0"/>
    <open-files xmlns="http://www.netbeans.org/ns/projectui-open-files/2">
        <group>
            <file>file:/C:/Users/tracy/OneDrive/Documents/NetBeansProjects/ejercicio%20en%20clase/src/ejercicio/en/clase/Pelicula.java</file>
            <file>file:/C:/Users/tracy/OneDrive/Documents/NetBeansProjects/ejercicio%20en%20clase/src/ejercicio/en/clase/Main.java</file>
            <file>file:/C:/Users/tracy/OneDrive/Documents/NetBeansProjects/ejercicio%20en%20clase/src/ejercicio/en/clase/Consultoria.java</file>
            <file>file:/C:/Users/tracy/OneDrive/Documents/NetBeansProjects/ejercicio%20en%20clase/src/ejercicio/en/clase/Director.java</file>
            <file>file:/C:/Users/tracy/OneDrive/Documents/NetBeansProjects/ejercicio%20en%20clase/src/ejercicio/en/clase/Ciudad.java</file>
            <file>file:/C:/Users/tracy/OneDrive/Documents/NetBeansProjects/ejercicio%20en%20clase/src/ejercicio/en/clase/Pais.java</file>
            <file>file:/C:/Users/tracy/OneDrive/Documents/NetBeansProjects/ejercicio%20en%20clase/src/ejercicio/en/clase/Genero.java</file>
            <file>file:/C:/Users/tracy/OneDrive/Documents/NetBeansProjects/ejercicio%20en%20clase/src/ejercicio/en/clase/Guardador.java</file>
        </group>
    </open-files>
</project-private>
